Workbook

Sheet Candidatos E-26 ALC
A1: ID Candidato | B1: Municipio | C1: Departamento | D1: DIVIPOLA | E1: Cód | F1: Candidato | G1: Partido / Movimiento Político | H1: Votos | I1: Ganador
A2: COL-05045-001 | B2: Apartadó | C2: Antioquia | D2: 05045 | E2: 1 | F2: Adolfo Leon Tabares Gutierrez | G2: Movimiento Salvación Nacional | H2: 1238 | I2: No
A3: COL-05045-002 | B3: Apartadó | C3: Antioquia | D3: 05045 | E3: 2 | F3: Luis Gonzalo Giraldo Aguirre | G3: Agrupación Política en Marcha | H3: 146 | I3: No
A4: COL-05045-003 | B4: Apartadó | C4: Antioquia | D4: 05045 | E4: 3 | F4: John Jaime Urrea Chica | G4: Partido Colombia Justa Libres | H4: 541 | I4: No
A5: COL-05045-004 | B5: Apartadó | C5: Antioquia | D5: 05045 | E5: 4 | F5: Hector Rangel Palacios Rodriguez | G5: Unidos por la Vida | H5: 28317 | I5: Sí
A6: COL-05045-005 | B6: Apartadó | C6: Antioquia | D6: 05045 | E6: 5 | F6: Adolfo David Romero Benitez | G6: Partido Conservador Colombiano | H6: 21889 | I6: No
A7: COL-05045-006 | B7: Apartadó | C7: Antioquia | D7: 05045 | E7: 6 | F7: Luis Augusto Medina Pulgarin | G7: Partido Político Dignidad & Compromiso | H7: 774 | I7: No
A8: COL-05045-007 | B8: Apartadó | C8: Antioquia | D8: 05045 | E8: 7 | F8: Luis Enrique Teran Mosquera | G8: Partido Político Esperanza Democrática | H8: 352 | I8: No
A9: COL-05045-008 | B9: Apartadó | C9: Antioquia | D9: 05045 | E9: 8 | F9: Henry Cordoba Rivas | G9: Movimiento Político Colombia Humana | H9: 0 | I9: No
A10: COL-05045-009 | B10: Apartadó | C10: Antioquia | D10: 05045 | E10: 9 | F10: Jhon Fredis Cordoba Perea | G10: Partido Político Gente en Movimiento | H10: 0 | I10: No
A11: COL-05045-010 | B11: Apartadó | C11: Antioquia | D11: 05045 | E11: 10 | F11: Fredy Edison Largo Suarez | G11: Pacto Histórico | H11: 579 | I11: No
A12: COL-05045-011 | B12: Apartadó | C12: Antioquia | D12: 05045 | E12: 11 | F12: Ricardo Leon Camargo Ortiz | G12: Apartadó Vamos con Toda | H12: 0 | I12: No
A13: COL-63001-001 | B13: Armenia | C13: Quindío | D13: 63001 | E13: 1 | F13: German Laureano Ujueta Diago | G13: Movimiento Alianza Democrática Amplia | H13: 388 | I13: No
... A351: COL-50001-016 | B351: Villavicencio | C351: Meta | D351: 50001 | E351: 16 | F351: Irina Colette Salas Londoño | G351: Somos la Fuerza | H351: 40604 | I351: No

Sheet Redes Sociales
A1: ID Candidato | B1: Votos | C1: Municipio | D1: Candidato | E1: Partido / Movimiento Político | F1: Ganador | G1: gano | H1: Ausencia | I1: Ausencia_url | J1: Instagram | K1: X / Twitter | L1: TikTok | M1: Facebook
A2: COL-05045-004 | B2: =VLOOKUP(A2,'Candidatos E-26 ALC'!A5:I354,8,FALSE) -> 28317 | C2: Apartadó | D2: Hector Rangel Palacios Rodriguez | E2: Unidos por la Vida | F2: Sí | G2: 1 | J2: https://www.instagram.com/hectorrangelp/ | K2: https://x.com/HectorRangelPal | L2: https://www.tiktok.com/@hectorrangelp | M2: https://www.facebook.com/hectorrangelpalacios/?locale=es_LA
A3: COL-05045-005 | B3: =VLOOKUP(A3,'Candidatos E-26 ALC'!A6:I355,8,FALSE) -> 21889 | C3: Apartadó | D3: Adolfo David Romero Benitez | E3: Partido Conservador Colombiano | F3: No | G3: 0 | J3: https://www.instagram.com/adolforomerolider/ | K3: https://x.com/AdolfoRomeroB | M3: https://www.facebook.com/adolforomerob
A4: COL-05045-001 | B4: =VLOOKUP(A4,'Candidatos E-26 ALC'!A2:I351,8,FALSE) -> 1238 | C4: Apartadó | D4: Adolfo Leon Tabares Gutierrez | E4: Movimiento Salvación Nacional | F4: No | G4: 0
A5: COL-05045-006 | B5: =VLOOKUP(A5,'Candidatos E-26 ALC'!A7:I356,8,FALSE) -> 774 | C5: Apartadó | D5: Luis Augusto Medina Pulgarin | E5: Partido Político Dignidad & Compromiso | F5: No | G5: 0
A6: COL-05045-010 | B6: =VLOOKUP(A6,'Candidatos E-26 ALC'!A11:I360,8,FALSE) -> 579 | C6: Apartadó | D6: Fredy Edison Largo Suarez | E6: Pacto Histórico | F6: No | G6: 0
A7: COL-05045-003 | B7: =VLOOKUP(A7,'Candidatos E-26 ALC'!A4:I353,8,FALSE) -> 541 | C7: Apartadó | D7: John Jaime Urrea Chica | E7: Partido Colombia Justa Libres | F7: No | G7: 0
A8: COL-05045-007 | B8: =VLOOKUP(A8,'Candidatos E-26 ALC'!A8:I357,8,FALSE) -> 352 | C8: Apartadó | D8: Luis Enrique Teran Mosquera | E8: Partido Político Esperanza Democrática | F8: No | G8: 0
A9: COL-05045-002 | B9: =VLOOKUP(A9,'Candidatos E-26 ALC'!A3:I352,8,FALSE) -> 146 | C9: Apartadó | D9: Luis Gonzalo Giraldo Aguirre | E9: Agrupación Política en Marcha | F9: No | G9: 0
A10: COL-05045-008 | B10: =VLOOKUP(A10,'Candidatos E-26 ALC'!A9:I358,8,FALSE) -> 0 | C10: Apartadó | D10: Henry Cordoba Rivas | E10: Movimiento Político Colombia Humana | F10: No | G10: 0
A11: COL-05045-009 | B11: =VLOOKUP(A11,'Candidatos E-26 ALC'!A10:I359,8,FALSE) -> 0 | C11: Apartadó | D11: Jhon Fredis Cordoba Perea | E11: Partido Político Gente en Movimiento | F11: No | G11: 0
A12: COL-05045-011 | B12: =VLOOKUP(A12,'Candidatos E-26 ALC'!A12:I361,8,FALSE) -> 0 | C12: Apartadó | D12: Ricardo Leon Camargo Ortiz | E12: Apartadó Vamos con Toda | F12: No | G12: 0
A13: COL-63001-013 | B13: =VLOOKUP(A13,'Candidatos E-26 ALC'!A25:I374,8,FALSE) -> 35703 | C13: Armenia | D13: James Padilla Garcia | E13: Armenia con Más Oportunidades | F13: Sí | G13: 1 | J13: https://www.instagram.com/jamespadillag/ | K13: https://x.com/jamespadillag | L13: https://www.tiktok.com/@jamespadillag | M13: https://www.facebook.com/JamesPadillaGar/
A14: COL-63001-014 | B14: =VLOOKUP(A14,'Candidatos E-26 ALC'!A26:I375,8,FALSE) -> 26687 | C14: Armenia | D14: Jose Ignacio Rojas Sepulveda | E14: Armenia 2027 | F14: No | G14: 0 | J14: https://www.instagram.com/joseignarojas/ | L14: https://www.tiktok.com/@joseignarojas | M14: https://www.facebook.com/Joseignaciorojasoficial/
A15: COL-63001-003 | B15: =VLOOKUP(A15,'Candidatos E-26 ALC'!A15:I364,8,FALSE) -> 11674 | C15: Armenia | D15: Stefany Gomez Murillo | E15: Liderazgo Ciudadano | F15: No | G15: 0 | J15: https://www.instagram.com/stefanygomezarmenia/ | K15: https://x.com/StefanyGomezArm/with_replies | L15: https://www.tiktok.com/@stefanygomezarmenia | M15: https://www.facebook.com/stefanygomezarmenia
A16: COL-63001-010 | B16: =VLOOKUP(A16,'Candidatos E-26 ALC'!A22:I371,8,FALSE) -> 10996 | C16: Armenia | D16: Bryant Stiven Naranjo Raigoza | E16: Armenia - Partido de la U - Partido en Marcha | F16: No | G16: 0
A17: COL-63001-004 | B17: =VLOOKUP(A17,'Candidatos E-26 ALC'!A16:I365,8,FALSE) -> 9436 | C17: Armenia | D17: Alvaro Arias Velasquez | E17: Armenia Nos Mueve | F17: No | G17: 0
A18: COL-63001-007 | B18: =VLOOKUP(A18,'Candidatos E-26 ALC'!A19:I368,8,FALSE) -> 7569 | C18: Armenia | D18: Oscar Gomez Agudelo | E18: Movimiento Salvación Nacional | F18: No | G18: 0
A19: COL-63001-006 | B19: =VLOOKUP(A19,'Candidatos E-26 ALC'!A18:I367,8,FALSE) -> 5135 | C19: Armenia | D19: Mary Luz Ospina Garcia | E19: Partido Centro Democrático | F19: No | G19: 0
A20: COL-63001-009 | B20: =VLOOKUP(A20,'Candidatos E-26 ALC'!A21:I370,8,FALSE) -> 2516 | C20: Armenia | D20: Javier Andres Angulo Gutierrez | E20: Partido Político La Fuerza de la Paz | F20: No | G20: 0
A21: COL-63001-005 | B21: =VLOOKUP(A21,'Candidatos E-26 ALC'!A17:I366,8,FALSE) -> 1928 | C21: Armenia | D21: Orlando Mosquera Forero | E21: Partido Ecologista Colombiano | F21: No | G21: 0
A22: COL-63001-011 | B22: =VLOOKUP(A22,'Candidatos E-26 ALC'!A23:I372,8,FALSE) -> 1914 | C22: Armenia | D22: Hernan Felipe Jaramillo Duque | E22: Movimiento Político Fuerza Ciudadana | F22: No | G22: 0
A23: COL-63001-002 | B23: =VLOOKUP(A23,'Candidatos E-26 ALC'!A14:I363,8,FALSE) -> 1503 | C23: Armenia | D23: Nasser Ramirez Gutierrez | E23: Partido Político Gente en Movimiento | F23: No | G23: 0
A24: COL-63001-008 | B24: =VLOOKUP(A24,'Candidatos E-26 ALC'!A20:I369,8,FALSE) -> 983 | C24: Armenia | D24: Ivan Paez Baquero | E24: Nueva Fuerza Democrática | F24: No | G24: 0
A25: COL-63001-012 | B25: =VLOOKUP(A25,'Candidatos E-26 ALC'!A24:I373,8,FALSE) -> 698 | C25: Armenia | D25: Rolando Muñoz Torres | E25: Partido Político Esperanza Democrática | F25: No | G25: 0
A26: COL-63001-001 | B26: =VLOOKUP(A26,'Candidatos E-26 ALC'!A13:I362,8,FALSE) -> 388 | C26: Armenia | D26: German Laureano Ujueta Diago | E26: Movimiento Alianza Democrática Amplia | F26: No | G26: 0
A27: COL-68081-005 | B27: =VLOOKUP(A27,'Candidatos E-26 ALC'!A31:I380,8,FALSE) -> 72593 | C27: Barrancabermeja | D27: Jonathan Stivel Vasquez Gomez | E27: Escribamos un Nuevo Capítulo | F27: Sí | G27: 1 | J27: https://www.instagram.com/jonathanvasquezgomez/ | K27: https://x.com/Jsvasquezg | L27: https://www.tiktok.com/@jonathanvasquezgomez | M27: https://www.facebook.com/JonathanVasquezColombia
A28: COL-68081-006 | B28: =VLOOKUP(A28,'Candidatos E-26 ALC'!A32:I381,8,FALSE) -> 28025 | C28: Barrancabermeja | D28: Elkin David Bueno Altahona | E28: Gratitud por la Gente | F28: No | G28: 0 | J28: https://www.instagram.com/elkindavidbueno/ | K28: https://x.com/elkindavidbueno/with_replies | L28: https://www.tiktok.com/@elkin.david.bueno | M28: https://www.facebook.com/elkindavidbueno/?locale=es_LA
A29: COL-68081-003 | B29: =VLOOKUP(A29,'Candidatos E-26 ALC'!A29:I378,8,FALSE) -> 15779 | C29: Barrancabermeja | D29: Claudia Patricia Andrade Gonzalez | E29: Partido Colombia Renaciente | F29: No | G29: 0 | J29: https://www.instagram.com/claudiandradegonzalez/ | K29: https://x.com/Claudia1Andrade | L29: https://www.tiktok.com/@claudiaandradegonzalez | M29: https://www.facebook.com/Claudia.Andrade.2022/
A30: COL-68081-010 | B30: =VLOOKUP(A30,'Candidatos E-26 ALC'!A36:I385,8,FALSE) -> 2740 | C30: Barrancabermeja | D30: Jaime Enrique Peña Robles | E30: Movimiento Salvación Nacional | F30: No | G30: 0
A31: COL-68081-004 | B31: =VLOOKUP(A31,'Candidatos E-26 ALC'!A30:I379,8,FALSE) -> 1020 | C31: Barrancabermeja | D31: Edinson Ariel Diosa Taborda | E31: Movimiento Político Colombia Humana | F31: No | G31: 0
A32: COL-68081-002 | B32: =VLOOKUP(A32,'Candidatos E-26 ALC'!A28:I377,8,FALSE) -> 1000 | C32: Barrancabermeja | D32: Gustavo Adolfo de la Ossa Sanchez | E32: Transformando Territorio | F32: No | G32: 0
A33: COL-68081-007 | B33: =VLOOKUP(A33,'Candidatos E-26 ALC'!A33:I382,8,FALSE) -> 639 | C33: Barrancabermeja | D33: Rafael Leonardo Granados Cardenas | E33: Partido Ecologista Colombiano | F33: No | G33: 0
A34: COL-68081-009 | B34: =VLOOKUP(A34,'Candidatos E-26 ALC'!A35:I384,8,FALSE) -> 614 | C34: Barrancabermeja | D34: Jose Alexander Perdomo Sepulveda | E34: Nueva Fuerza Democrática | F34: No | G34: 0
A35: COL-68081-001 | B35: =VLOOKUP(A35,'Candidatos E-26 ALC'!A27:I376,8,FALSE) -> 411 | C35: Barrancabermeja | D35: Elcida Martinez Peinado | E35: Movimiento Político Fuerza Ciudadana | F35: No | G35: 0
A36: COL-68081-008 | B36: =VLOOKUP(A36,'Candidatos E-26 ALC'!A34:I383,8,FALSE) -> 361 | C36: Barrancabermeja | D36: Rafael Garces Barragan | E36: Partido Político Creemos | F36: No | G36: 0
A37: COL-68081-012 | B37: =VLOOKUP(A37,'Candidatos E-26 ALC'!A38:I387,8,FALSE) -> 133 | C37: Barrancabermeja | D37: Paul Enrique Solorzano Garcia | E37: Partido Político Dignidad & Compromiso | F37: No | G37: 0
A38: COL-68081-011 | B38: =VLOOKUP(A38,'Candidatos E-26 ALC'!A37:I386,8,FALSE) -> 68 | C38: Barrancabermeja | D38: Alvaro Perez Vides | E38: Partido Político Gente en Movimiento | F38: No | G38: 0
A39: COL-08001-002 | B39: =VLOOKUP(A39,'Candidatos E-26 ALC'!A40:I389,8,FALSE) -> 417644 | C39: Barranquilla | D39: Alejandro Char Chaljub | E39: Partido Cambio Radical | F39: Sí | G39: 1 | J39: https://www.instagram.com/alejandrocharch/ | K39: https://x.com/AlejandroChar | L39: https://www.tiktok.com/@alejandrocharch | M39: https://www.facebook.com/AlejandroCharCh
A40: COL-08001-005 | B40: =VLOOKUP(A40,'Candidatos E-26 ALC'!A43:I392,8,FALSE) -> 53144 | C40: Barranquilla | D40: Antonio Eduardo Bohorquez Collazos | E40: Partido Polo Democrático Alternativo | F40: No | G40: 0 | J40: https://www.instagram.com/antoniobohorquez_/ | K40: https://x.com/bohorquezesova | L40: https://www.tiktok.com/@antonio_bohorquez | M40: https://www.facebook.com/antonio.e.collazos/
A41: COL-08001-006 | B41: =VLOOKUP(A41,'Candidatos E-26 ALC'!A44:I393,8,FALSE) -> 19052 | C41: Barranquilla | D41: Hassan Fares Hachem | E41: Partido Ecologista Colombiano | F41: No | G41: 0 | J41: https://www.instagram.com/hassanfares1970/ | M41: https://www.facebook.com/plaza84/?ref=NONE_xav_ig_profile_page_web#
A42: COL-08001-001 | B42: =VLOOKUP(A42,'Candidatos E-26 ALC'!A39:I388,8,FALSE) -> 7790 | C42: Barranquilla | D42: Luis Enrique Guzman Chams | E42: Partido Verde Oxígeno | F42: No | G42: 0
A43: COL-08001-003 | B43: =VLOOKUP(A43,'Candidatos E-26 ALC'!A41:I390,8,FALSE) -> 7659 | C43: Barranquilla | D43: Harry Alberto Silva Llinas | E43: S.O.S por Barranquilla | F43: No | G43: 0
A44: COL-08001-004 | B44: =VLOOKUP(A44,'Candidatos E-26 ALC'!A42:I391,8,FALSE) -> 4874 | C44: Barranquilla | D44: Ronald Jose Valdes Padilla | E44: Movimiento Alianza Democrática Amplia | F44: No | G44: 0
A45: COL-05049-003 | B45: =VLOOKUP(A45,'Candidatos E-26 ALC'!A47:I396,8,FALSE) -> 64022 | C45: Bello | D45: Yulieth Lorena Gonzalez Ospina | E45: Bello Nos Une | F45: Sí | G45: 1 | J45: https://www.instagram.com/lore_gonzalezospina/ | K45: https://x.com/Lore_GonzalezOs | L45: https://www.tiktok.com/@lore_gonzalezospina | M45: https://www.facebook.com/lorenagonzalezospina/reels/
A46: COL-05049-008 | B46: =VLOOKUP(A46,'Candidatos E-26 ALC'!A52:I401,8,FALSE) -> 56635 | C46: Bello | D46: Nestor David Restrepo Bonnett | E46: Bello en Serio | F46: No | G46: 0 | J46: https://www.instagram.com/nestor.restrepob/ | K46: https://x.com/nestorrestrepob | L46: https://www.tiktok.com/@nestor.restrepob | M46: https://www.facebook.com/nedarebon/
A47: COL-05049-001 | B47: =VLOOKUP(A47,'Candidatos E-26 ALC'!A45:I394,8,FALSE) -> 11226 | C47: Bello | D47: Juan Felipe Restrepo Tamayo | E47: Partido Alianza Verde | F47: No | G47: 0 | M47: https://www.facebook.com/feliperestrepot
A48: COL-05049-005 | B48: =VLOOKUP(A48,'Candidatos E-26 ALC'!A49:I398,8,FALSE) -> 7457 | C48: Bello | D48: Hugo Alexander Diaz Marin | E48: Independientes | F48: No | G48: 0
A49: COL-05049-002 | B49: =VLOOKUP(A49,'Candidatos E-26 ALC'!A46:I395,8,FALSE) -> 4439 | C49: Bello | D49: Isabel Daniela Ortega Perez | E49: Agrupación Política en Marcha | F49: No | G49: 0
A50: COL-05049-007 | B50: =VLOOKUP(A50,'Candidatos E-26 ALC'!A51:I400,8,FALSE) -> 2035 | C50: Bello | D50: Claudia Lorena Castrillon Zuluaga | E50: Partido Demócrata Colombiano | F50: No | G50: 0
A51: COL-05049-004 | B51: =VLOOKUP(A51,'Candidatos E-26 ALC'!A48:I397,8,FALSE) -> 1562 | C51: Bello | D51: Santiago Zapata Quiroz | E51: Partido Ecologista Colombiano | F51: No | G51: 0
A52: COL-05049-006 | B52: =VLOOKUP(A52,'Candidatos E-26 ALC'!A50:I399,8,FALSE) -> 684 | C52: Bello | D52: Jesus Ernesto Zapata Orrego | E52: Partido de la Unión por la Gente - Partido de la U | F52: No | G52: 0
A53: COL-05049-009 | B53: =VLOOKUP(A53,'Candidatos E-26 ALC'!A53:I402,8,FALSE) -> 348 | C53: Bello | D53: Robinson Andres Alvarez Londoño | E53: Movimiento Alternativo Indígena y Social MAIS | F53: No | G53: 0
A54: COL-11001-005 | B54: =VLOOKUP(A54,'Candidatos E-26 ALC'!A58:I407,8,FALSE) -> 1499734 | C54: Bogotá D.C. | D54: Carlos Fernando Galan Pachon | E54: Partido Nuevo Liberalismo | F54: Sí | G54: 1 | J54: https://www.instagram.com/carlosfernandogalan/ | K54: https://x.com/CarlosFGalan | L54: https://www.tiktok.com/@carlosfgalan | M54: https://www.facebook.com/carlosfgalan
A55: COL-11001-008 | B55: =VLOOKUP(A55,'Candidatos E-26 ALC'!A61:I410,8,FALSE) -> 616902 | C55: Bogotá D.C. | D55: Juan Daniel Oviedo Arango | E55: Con Toda por Bogotá | F55: No | G55: 0 | J55: https://www.instagram.com/jdoviedoar/ | K55: https://x.com/JDOviedoAr | L55: https://www.tiktok.com/@jdoviedoar | M55: https://www.facebook.com/JDOviedoAr/
A56: COL-11001-006 | B56: =VLOOKUP(A56,'Candidatos E-26 ALC'!A59:I408,8,FALSE) -> 571948 | C56: Bogotá D.C. | D56: Gustavo Bolivar Moreno | E56: Pacto Histórico Bogotá | F56: No | G56: 0 | J56: https://www.instagram.com/gustavo_bolivar/ | K56: https://x.com/GustavoBolivar | L56: https://www.tiktok.com/@gustavobolivarmoreno | M56: https://www.facebook.com/gustavoBolivarSenador/?locale=es_LA
A57: COL-11001-003 | B57: =VLOOKUP(A57,'Candidatos E-26 ALC'!A56:I405,8,FALSE) -> 69639 | C57: Bogotá D.C. | D57: Rodrigo Lara Restrepo | E57: Lara-Demócrata | F57: No | G57: 0 | J57: https://www.instagram.com/rodrigolararestrepo/ | K57: https://x.com/Rodrigo_Lara_ | L57: https://www.tiktok.com/@soyrodrigolara | M57: https://www.facebook.com/RodrigoLaraR
A58: COL-11001-002 | B58: =VLOOKUP(A58,'Candidatos E-26 ALC'!A55:I404,8,FALSE) -> 65681 | C58: Bogotá D.C. | D58: Diego Andres Molano Aponte | E58: Reconstruyamos Bogotá | F58: No | G58: 0 | J58: https://www.instagram.com/diegomolanoaponte/ | K58: https://x.com/Diego_Molano | L58: https://www.tiktok.com/@diegomolanoa | M58: https://www.facebook.com/DiegoMolanoAponte
A59: COL-11001-009 | B59: =VLOOKUP(A59,'Candidatos E-26 ALC'!A62:I411,8,FALSE) -> 34099 | C59: Bogotá D.C. | D59: Jorge Enrique Robledo Castillo | E59: Partido Político Dignidad & Compromiso | F59: No | G59: 0 | J59: https://www.instagram.com/jorge_enrique_robledo | K59: https://x.com/JERobledo | L59: https://www.tiktok.com/@jerobledo | M59: https://www.facebook.com/jorge.robledo.castillo
A60: COL-11001-001 | B60: =VLOOKUP(A60,'Candidatos E-26 ALC'!A54:I403,8,FALSE) -> 31153 | C60: Bogotá D.C. | D60: Jorge Luis Vargas Valencia | E60: Partido Cambio Radical | F60: No | G60: 0 | J60: https://www.instagram.com/general_vargas | K60: https://x.com/ElGeneralVargas | L60: https://www.tiktok.com/@general_vargas | M60: https://www.facebook.com/ElGeneralVargas/
A61: COL-11001-004 | B61: =VLOOKUP(A61,'Candidatos E-26 ALC'!A57:I406,8,FALSE) -> 14855 | C61: Bogotá D.C. | D61: Nicolas Ramos Barbosa | E61: Mas Acciones Menos Rostros | F61: No | G61: 0 | J61: https://www.instagram.com/nicolas_ramos_b/ | K61: https://x.com/Nicolas_ramos_b | L61: https://www.tiktok.com/@nicolas_ramos_b
A62: COL-11001-007 | B62: =VLOOKUP(A62,'Candidatos E-26 ALC'!A60:I409,8,FALSE) -> 2730 | C62: Bogotá D.C. | D62: Rafael Alfonso Quintero Mora | E62: Movimiento Alianza Democrática Amplia | F62: No | G62: 0 | J62: https://www.instagram.com/rafael_quintero05/ | K62: https://x.com/Raquim55 | L62: https://www.tiktok.com/@rafaelquinterom | M62: https://www.facebook.com/rafaelquinteromora/
A63: COL-68001-001 | B63: =VLOOKUP(A63,'Candidatos E-26 ALC'!A63:I412,8,FALSE) -> 91418 | C63: Bucaramanga | D63: Jaime Andres Beltran Martinez | E63: Defendamos Bucaramanga | F63: Sí | G63: 1 | J63: https://www.instagram.com/soyjaimeandres/reels/ | K63: https://x.com/soyjaimeandres | L63: https://www.tiktok.com/@soyjaimeandres | M63: https://www.facebook.com/soyjaimeandres
A64: COL-68001-008 | B64: =VLOOKUP(A64,'Candidatos E-26 ALC'!A70:I419,8,FALSE) -> 39004 | C64: Bucaramanga | D64: Carlos Felipe Parra Rojas | E64: ¡Valientes! | F64: No | G64: 0 | J64: https://www.instagram.com/carlosparrabuc/ | K64: https://x.com/CarlosParraBUC | L64: https://www.tiktok.com/@carlosparrabga | M64: https://www.facebook.com/CarlosParraBUC
A65: COL-68001-002 | B65: =VLOOKUP(A65,'Candidatos E-26 ALC'!A64:I413,8,FALSE) -> 33995 | C65: Bucaramanga | D65: Edinson Fabian Oviedo Pinzon | E65: Movimiento Acciones Notables | F65: No | G65: 0 | J65: https://www.instagram.com/fabianoviedop/ | K65: https://x.com/FabianOviedoP | L65: https://www.tiktok.com/@fabian_oviedop | M65: https://www.facebook.com/FabianOviedoP#
A66: COL-68001-015 | B66: =VLOOKUP(A66,'Candidatos E-26 ALC'!A77:I426,8,FALSE) -> 23551 | C66: Bucaramanga | D66: Horacio Jose Serpa Moncada | E66: Serpá la Gente | F66: No | G66: 0 | J66: https://www.instagram.com/horaciojserpa/ | K66: https://x.com/horaciojserpa | L66: https://www.tiktok.com/@horaciojserpa | M66: https://www.facebook.com/horaciojserpa
A67: COL-68001-003 | B67: =VLOOKUP(A67,'Candidatos E-26 ALC'!A65:I414,8,FALSE) -> 22726 | C67: Bucaramanga | D67: Consuelo Ordoñez de Rincon | E67: En Buenas Manos | F67: No | G67: 0 | J67: https://www.instagram.com/consueloberraca | K67: https://x.com/consuelordonez | L67: https://www.tiktok.com/@consueloberraca | M67: https://www.facebook.com/ConsueloBerraca
A68: COL-68001-013 | B68: =VLOOKUP(A68,'Candidatos E-26 ALC'!A75:I424,8,FALSE) -> 10693 | C68: Bucaramanga | D68: Jaime Calderon Herrera | E68: Pacto Histórico Colombia Puede | F68: No | G68: 0 | J68: https://www.instagram.com/medico.jaimecalderon/ | K68: https://x.com/jaimecalde50 | L68: https://www.tiktok.com/@medicojaimecalderon | M68: https://www.facebook.com/jaime.calderon.319247/
A69: COL-68001-012 | B69: =VLOOKUP(A69,'Candidatos E-26 ALC'!A74:I423,8,FALSE) -> 10326 | C69: Bucaramanga | D69: Luis Roberto Ordoñez Ardila | E69: Vamos a Crecer | F69: No | G69: 0 | J69: https://www.instagram.com/luisrobertoordonez/ | M69: https://www.facebook.com/luisordonez123456
A70: COL-68001-011 | B70: =VLOOKUP(A70,'Candidatos E-26 ALC'!A73:I422,8,FALSE) -> 8212 | C70: Bucaramanga | D70: Carlos Fernando Sotomonte Garavito | E70: Coraje | F70: No | G70: 0
A71: COL-68001-009 | B71: =VLOOKUP(A71,'Candidatos E-26 ALC'!A71:I420,8,FALSE) -> 2544 | C71: Bucaramanga | D71: Ludwing Mantilla Castro | E71: Movimiento Político Fuerza Ciudadana | F71: No | G71: 0
A72: COL-68001-014 | B72: =VLOOKUP(A72,'Candidatos E-26 ALC'!A76:I425,8,FALSE) -> 1779 | C72: Bucaramanga | D72: Diego Arturo Tamayo Salcedo | E72: Avancemos por Bucaramanga | F72: No | G72: 0
A73: COL-68001-004 | B73: =VLOOKUP(A73,'Candidatos E-26 ALC'!A66:I415,8,FALSE) -> 1050 | C73: Bucaramanga | D73: Jose del Carmen Velasquez Pereira | E73: Nueva Fuerza Democrática | F73: No | G73: 0
A74: COL-68001-006 | B74: =VLOOKUP(A74,'Candidatos E-26 ALC'!A68:I417,8,FALSE) -> 1001 | C74: Bucaramanga | D74: Jorge Alberto Figueroa Clausen | E74: Partido Demócrata Colombiano | F74: No | G74: 0
A75: COL-68001-005 | B75: =VLOOKUP(A75,'Candidatos E-26 ALC'!A67:I416,8,FALSE) -> 642 | C75: Bucaramanga | D75: Alvaro Torres | E75: Partido Político Gente en Movimiento | F75: No | G75: 0
A76: COL-68001-007 | B76: =VLOOKUP(A76,'Candidatos E-26 ALC'!A69:I418,8,FALSE) -> 361 | C76: Bucaramanga | D76: Giovanni Alvarez Maldonado | E76: Partido Político Esperanza Democrática | F76: No | G76: 0
A77: COL-68001-010 | B77: =VLOOKUP(A77,'Candidatos E-26 ALC'!A72:I421,8,FALSE) -> 328 | C77: Bucaramanga | D77: Manuel Eduardo Parada Rueda | E77: Partido Político Creemos | F77: No | G77: 0
A78: COL-76109-015 | B78: =VLOOKUP(A78,'Candidatos E-26 ALC'!A92:I441,8,FALSE) -> 42201 | C78: Buenaventura | D78: Ligia del Carmen Cordoba Martinez | E78: Coalición Alcaldía de Buenaventura | F78: Sí | G78: 1 | J78: https://www.instagram.com/ligiacordobamartinez/ | K78: https://x.com/LigiadelcarmenC | L78: https://www.tiktok.com/@ligia_del_carmen1 | M78: https://www.facebook.com/LigiadelCarmenCordoba/
A79: COL-76109-010 | B79: =VLOOKUP(A79,'Candidatos E-26 ALC'!A87:I436,8,FALSE) -> 19727 | C79: Buenaventura | D79: Libia Mosquera Viveros | E79: Agrupación Política en Marcha | F79: No | G79: 0 | J79: https://www.instagram.com/libiamosqueraviveros/ | K79: https://x.com/libiamosquerav | L79: https://www.tiktok.com/@libiamosquerav | M79: https://www.facebook.com/libia.mosqueraviveros/
A80: COL-76109-016 | B80: =VLOOKUP(A80,'Candidatos E-26 ALC'!A93:I442,8,FALSE) -> 17708 | C80: Buenaventura | D80: Jaime Oswaldo Marinez Quiñones | E80: Unidos Podemos | F80: No | G80: 0
A81: COL-76109-006 | B81: =VLOOKUP(A81,'Candidatos E-26 ALC'!A83:I432,8,FALSE) -> 7080 | C81: Buenaventura | D81: Jose Luis Muñoz Lerma | E81: Movimiento Autoridades Indígenas de Colombia AICO | F81: No | G81: 0
A82: COL-76109-011 | B82: =VLOOKUP(A82,'Candidatos E-26 ALC'!A88:I437,8,FALSE) -> 2973 | C82: Buenaventura | D82: Rafael Cuero Angulo | E82: Pacto Histórico | F82: No | G82: 0
A83: COL-76109-007 | B83: =VLOOKUP(A83,'Candidatos E-26 ALC'!A84:I433,8,FALSE) -> 2127 | C83: Buenaventura | D83: Javier Torres Caicedo | E83: Movimiento Político Fuerza Ciudadana | F83: No | G83: 0
A84: COL-76109-004 | B84: =VLOOKUP(A84,'Candidatos E-26 ALC'!A81:I430,8,FALSE) -> 1734 | C84: Buenaventura | D84: Wilson Rodallega Panameño | E84: Partido Liberal Colombiano | F84: No | G84: 0
A85: COL-76109-012 | B85: =VLOOKUP(A85,'Candidatos E-26 ALC'!A89:I438,8,FALSE) -> 1608 | C85: Buenaventura | D85: Leyla Magaly Carabali Rodriguez | E85: Movimiento Político Colombia Humana | F85: No | G85: 0
A86: COL-76109-002 | B86: =VLOOKUP(A86,'Candidatos E-26 ALC'!A79:I428,8,FALSE) -> 1022 | C86: Buenaventura | D86: Maria Miyela Riascos Riascos | E86: Independientes | F86: No | G86: 0
A87: COL-76109-009 | B87: =VLOOKUP(A87,'Candidatos E-26 ALC'!A86:I435,8,FALSE) -> 637 | C87: Buenaventura | D87: Wistong Segura Valencia | E87: Movimiento Salvación Nacional | F87: No | G87: 0
A88: COL-76109-008 | B88: =VLOOKUP(A88,'Candidatos E-26 ALC'!A85:I434,8,FALSE) -> 537 | C88: Buenaventura | D88: Edgardo Noviteño Carabali | E88: Partido Nuevo Liberalismo | F88: No | G88: 0
A89: COL-76109-014 | B89: =VLOOKUP(A89,'Candidatos E-26 ALC'!A91:I440,8,FALSE) -> 482 | C89: Buenaventura | D89: William Grueso Estacio | E89: Partido Colombia Justa Libres | F89: No | G89: 0
A90: COL-76109-003 | B90: =VLOOKUP(A90,'Candidatos E-26 ALC'!A80:I429,8,FALSE) -> 345 | C90: Buenaventura | D90: Daniel Olave Ordoñez | E90: Partido Político Todos Somos Colombia | F90: No | G90: 0
A91: COL-76109-013 | B91: =VLOOKUP(A91,'Candidatos E-26 ALC'!A90:I439,8,FALSE) -> 300 | C91: Buenaventura | D91: Evangelista Aragon Cuero | E91: Partido del Trabajo de Colombia | F91: No | G91: 0
A92: COL-76109-001 | B92: =VLOOKUP(A92,'Candidatos E-26 ALC'!A78:I427,8,FALSE) -> 179 | C92: Buenaventura | D92: Oscar Murillo Asprilla | E92: Partido Ecologista Colombiano | F92: No | G92: 0
A93: COL-76109-005 | B93: =VLOOKUP(A93,'Candidatos E-26 ALC'!A82:I431,8,FALSE) -> 93 | C93: Buenaventura | D93: Ulpiano Riascos Arboleda | E93: Partido Liga Gobernantes Anticorrupción - Liga | F93: No | G93: 0
A94: COL-76001-002 | B94: =VLOOKUP(A94,'Candidatos E-26 ALC'!A95:I444,8,FALSE) -> 318656 | C94: Cali | D94: Alvaro Alejandro Eder Garces | E94: Revivamos Cali | F94: Sí | G94: 1 | J94: https://www.instagram.com/alejoeder/ | K94: https://x.com/alejoeder | L94: https://www.tiktok.com/@alejoeder | M94: https://www.facebook.com/alejoederg
A95: COL-76001-007 | B95: =VLOOKUP(A95,'Candidatos E-26 ALC'!A100:I449,8,FALSE) -> 221038 | C95: Cali | D95: Roberto Ortiz Urueña | E95: Firme con Cali | F95: No | G95: 0 | J95: https://www.instagram.com/robertoortizcali/ | K95: https://x.com/robertoortizu | L95: https://www.tiktok.com/@robertoortizcali | M95: https://www.facebook.com/robertoortizu
A96: COL-76001-009 | B96: =VLOOKUP(A96,'Candidatos E-26 ALC'!A102:I451,8,FALSE) -> 86853 | C96: Cali | D96: Danis Antonio Renteria Chala | E96: Colombia Humana-Pacto Histórico | F96: No | G96: 0 | J96: https://www.instagram.com/danisrenteria | K96: https://x.com/DanisRenteria | L96: https://www.tiktok.com/@danis_renteria | M96: https://www.facebook.com/DanisRenteriaChala/
A97: COL-76001-005 | B97: =VLOOKUP(A97,'Candidatos E-26 ALC'!A98:I447,8,FALSE) -> 34529 | C97: Cali | D97: Miyerlandi Torres Agredo | E97: Un Renacer para Cali | F97: No | G97: 0 | J97: https://www.instagram.com/miyerlandit/ | K97: https://x.com/MiyerlandiT | L97: https://www.tiktok.com/@miyerlandit | M97: https://www.facebook.com/MiyerlandiTorresA/
A98: COL-76001-006 | B98: =VLOOKUP(A98,'Candidatos E-26 ALC'!A99:I448,8,FALSE) -> 19151 | C98: Cali | D98: Edilson Huerfano Ordoñez | E98: Movimiento Político Fuerza Ciudadana | F98: No | G98: 0 | J98: https://www.instagram.com/padrehuerfano/ | K98: https://x.com/padrehuerfano | L98: https://www.tiktok.com/@padrehuerfano1 | M98: https://www.facebook.com/PadreHuerfano1/
A99: COL-76001-010 | B99: =VLOOKUP(A99,'Candidatos E-26 ALC'!A103:I452,8,FALSE) -> 11067 | C99: Cali | D99: Deninson Mendoza Ramos | E99: Independientes | F99: No | G99: 0 | J99: https://www.instagram.com/deninsonmendoza | K99: https://x.com/deninsonmendoza?s=21 | L99: https://www.tiktok.com/@deninsonmendoza | M99: https://www.facebook.com/deninsonmendoza
A100: COL-76001-004 | B100: =VLOOKUP(A100,'Candidatos E-26 ALC'!A97:I446,8,FALSE) -> 5380 | C100: Cali | D100: Diana Carolina Rojas Atehortua | E100: Cali Caleñísima | F100: No | G100: 0
...

Sheet Hoja1
B2: Candidatos | C2: USD | D2: Tiempo (min) | E2: Tiempo(hrs)
A3: TikTok | B3: 112 | C3: =B3*0.012 -> 1.344 | D3: =((60+35)/60)*B3 -> 177.33333 | E3: =D3/60 -> 2.9555556
A4: Facebook | B4: 123 | C4: =B4*0.241 -> 29.643 | D4: =((60+5)/60)*B4 -> 133.25 | E4: =D4/60 -> 2.2208333

Sheet Resumen por Municipio
A1: Municipio | B1: Departamento | C1: DIVIPOLA | D1: N° Candidatos | E1: Total Votos Candidatos | F1: Alcalde Electo | G1: Partido Ganador | H1: Votos Ganador
A2: Apartadó | B2: Antioquia | C2: 05045 | D2: 11 | E2: 53836 | F2: Hector Rangel Palacios Rodriguez | G2: Unidos por la Vida | H2: 28317
A3: Armenia | B3: Quindío | C3: 63001 | D3: 14 | E3: 117130 | F3: James Padilla Garcia | G3: Armenia con Más Oportunidades | H3: 35703
A4: Barrancabermeja | B4: Santander | C4: 68081 | D4: 12 | E4: 123383 | F4: Jonathan Stivel Vasquez Gomez | G4: Escribamos un Nuevo Capítulo | H4: 72593
A5: Barranquilla | B5: Atlántico | C5: 08001 | D5: 6 | E5: 510163 | F5: Alejandro Char Chaljub | G5: Partido Cambio Radical | H5: 417644
A6: Bello | B6: Antioquia | C6: 05049 | D6: 9 | E6: 148408 | F6: Yulieth Lorena Gonzalez Ospina | G6: Bello Nos Une | H6: 64022
A7: Bogotá D.C. | B7: Bogotá D.C. | C7: 11001 | D7: 9 | E7: 2906741 | F7: Carlos Fernando Galan Pachon | G7: Partido Nuevo Liberalismo | H7: 1499734
A8: Bucaramanga | B8: Santander | C8: 68001 | D8: 15 | E8: 247630 | F8: Jaime Andres Beltran Martinez | G8: Defendamos Bucaramanga | H8: 91418
A9: Buenaventura | B9: Valle del Cauca | C9: 76109 | D9: 16 | E9: 98753 | F9: Ligia del Carmen Cordoba Martinez | G9: Coalición Alcaldía de Buenaventura | H9: 42201
A10: Cali | B10: Valle del Cauca | C10: 76001 | D10: 10 | E10: 703975 | F10: Alvaro Alejandro Eder Garces | G10: Revivamos Cali | H10: 318656
A11: Cartagena | B11: Bolívar | C11: 13001 | D11: 12 | E11: 336038 | F11: Dumek Jose Turbay Paz | G11: Unidos para Avanzar | H11: 160548
A12: Cúcuta | B12: Norte de Santander | C12: 54001 | D12: 14 | E12: 297325 | F12: Jorge Enrique Acevedo Peñaloza | G12: Todos por Cúcuta | H12: 89753
A13: Dosquebradas | B13: Risaralda | C13: 66170 | D13: 5 | E13: 76219 | F13: Roberto Jimenez Naranjo | G13: Dosquebradas Visión de Ciudad | H13: 24279
... A34: Villavicencio | B34: Meta | C34: 50001 | D34: 16 | E34: 212549 | F34: Alexander Baquero Sanabria | G34: Recuperemos Villavo | H34: 70987

Sheet Población 2023 (DANE)
A1: # | B1: Municipio | C1: Departamento | D1: DIVIPOLA | E1: Población 2023 | F1: Fuente
A2: 1 | B2: Bogotá D.C. | C2: Bogotá D.C. | D2: 11001 | E2: 7181469 | F2: DANE – Proyecciones de población post-CNPV 2018
A3: 2 | B3: Medellín | C3: Antioquia | D3: 05001 | E3: 2700453 | F3: DANE – Proyecciones de población post-CNPV 2018
A4: 3 | B4: Cali | C4: Valle del Cauca | D4: 76001 | E4: 2252616 | F4: DANE – Proyecciones de población post-CNPV 2018
A5: 4 | B5: Barranquilla | C5: Atlántico | D5: 08001 | E5: 1274250 | F5: DANE – Proyecciones de población post-CNPV 2018
A6: 5 | B6: Cartagena | C6: Bolívar | D6: 13001 | E6: 1081577 | F6: DANE – Proyecciones de población post-CNPV 2018
A7: 6 | B7: Cúcuta | C7: Norte de Santander | D7: 54001 | E7: 773239 | F7: DANE – Proyecciones de población post-CNPV 2018
A8: 7 | B8: Soledad | C8: Atlántico | D8: 08433 | E8: 764068 | F8: DANE – Proyecciones de población post-CNPV 2018
A9: 8 | B9: Soacha | C9: Cundinamarca | D9: 25754 | E9: 743573 | F9: DANE – Proyecciones de población post-CNPV 2018
A10: 9 | B10: Ibagué | C10: Tolima | D10: 73001 | E10: 581130 | F10: DANE – Proyecciones de población post-CNPV 2018
A11: 10 | B11: Bucaramanga | C11: Santander | D11: 68001 | E11: 541607 | F11: DANE – Proyecciones de población post-CNPV 2018
A12: 11 | B12: Santa Marta | C12: Magdalena | D12: 47001 | E12: 527949 | F12: DANE – Proyecciones de población post-CNPV 2018
A13: 12 | B13: Bello | C13: Antioquia | D13: 05049 | E13: 524360 | F13: DANE – Proyecciones de población post-CNPV 2018
... A34: 33 | B34: Piedecuesta | C34: Santander | D34: 68547 | E34: 196084 | F34: DANE – Proyecciones de población post-CNPV 2018
B35: TOTAL | E35: =SUM(E2:E34) -> 25886112
A37: Fuente: Proyecciones de población con actualización post COVID-19, calculadas con base en el Censo Nacional de Población y Vivienda (CNPV) 2018. DANE, Colombia.
